session,prey_transect_id,date_site,site,prey_date,prey_surveyor,prey_depth_m,prey_vis_m,prey_time,prey_temp_C,prey_habitat,prey_cloud,prey_tran_length_m,prey_tran_width_m,prey_tran_area,transect orientation (Deep 1/Deep 2/Shallow 1/Shallow 2),notes
141,9806,2014-09-16_BISC-P12a,BISC-P12a,2014-09-16,LA,18,15,1450,86,Patch,,12,2,24,SW,
141,9807,2014-09-16_BISC-P12a,BISC-P12a,2014-09-16,LA,11,12,1503,86,Patch,,12,2,24,NW,
142,9804,2014-09-16_BISC-P13a,BISC-P13a,2014-09-16,LA,24,25,1324,88,Patch,,30,2,60,NW,
142,9805,2014-09-16_BISC-P13a,BISC-P13a,2014-09-16,LA,8,88,1337,88,Patch,,30,2,60,NW,
143,9802,2014-09-16_BISC-W30a,BISC-W30a,2014-09-16,LA,30,35,1148,86,Continuous,NA,20,2,40,NE,
143,9803,2014-09-16_BISC-W30a,BISC-W30a,2014-09-16,LA,31,35,1203,86,Continuous,NA,20,2,40,SE,
143,9497,2014-09-16_BISC-W30a,BISC-W30a,2014-09-16,Steph,8.3,10,1147,30.5,continuous,0,20,2,40,deep #1,
143,9498,2014-09-16_BISC-W30a,BISC-W30a,2014-09-16,Steph,8.2,10,1200,30.4,continuous,0,20,2,40,deep #2,
144,9800,2014-09-16_BISC-W40-b,BISC-W40-b,2014-09-16,LA,56,30,1020,86,Continuous,,20,2,40,NE,
144,9801,2014-09-16_BISC-W40-b,BISC-W40-b,2014-09-16,LA,52,30,1030,86,Continuous,,20,2,40,SE,
145,9814,2014-09-17_BISC-P11a,BISC-P11a,2014-09-17,LA,15,15,1557,86,Patch,,15,2,30,SW,
145,9815,2014-09-17_BISC-P11a,BISC-P11a,2014-09-17,LA,14,15,1608,86,Patch,,15,2,30,NW,
146,9812,2014-09-17_BISC-P15a,BISC-P15a,2014-09-17,LA,17,30,1420,86,Patch,,30,2,60,SW,
146,9813,2014-09-17_BISC-P15a,BISC-P15a,2014-09-17,LA,16,25,1436,86,Patch,,30,2,60,NW,
147,9808,2014-09-17_BISC-W12,BISC-W12,2014-09-17,LA,59,60,1025,86,Continuous,,20,2,40,NW,
147,9809,2014-09-17_BISC-W12,BISC-W12,2014-09-17,LA,59,50,1058,86,Continuous,,20,2,40,SW,
148,9810,2014-09-17_BISC-W13,BISC-W13,2014-09-17,LA,57,50,1241,86,Continuous,,20,2,40,SE,
148,9811,2014-09-17_BISC-W13,BISC-W13,2014-09-17,LA,57,60,1228,86,Continuous,,20,2,40,NE,
149,9820,2014-09-18_BISC-P7a,BISC-P7a,2014-09-18,LA,14,20,1355,86,Patch,,20,2,40,SE,
149,9821,2014-09-18_BISC-P7a,BISC-P7a,2014-09-18,LA,8,15,1416,86,Patch,,20,2,40,NE,
150,9822,2014-09-18_BISC-P9a,BISC-P9a,2014-09-18,LA,15,15,1539,86,Patch,,20,2,40,SW,
150,9823,2014-09-18_BISC-P9a,BISC-P9a,2014-09-18,LA,9,20,1556,86,Patch,,20,2,40,NW,
151,9818,2014-09-18_BISC-W60-2b,BISC-W60-2b,2014-09-18,LA,63,40,1221,82,Continuous,,20,2,40,NE,
151,9819,2014-09-18_BISC-W60-2b,BISC-W60-2b,2014-09-18,LA,62,35,1235,82,Continuous,,20,2,40,SE,
152,9816,2014-09-18_BISC-W60-6d,BISC-W60-6d,2014-09-18,LA,56,30,1016,84,Continuous,,20,2,40,NW,
152,9817,2014-09-18_BISC-W60-6d,BISC-W60-6d,2014-09-18,LA,49,30,1028,84,Continuous,,20,2,40,SW,
153,9830,2014-09-19_BISC-P10a,BISC-P10a,2014-09-19,LA,28,20,1600,86,Patch,,20,2,40,NW,
153,9831,2014-09-19_BISC-P10a,BISC-P10a,2014-09-19,LA,20,20,1617,86,Patch,,20,2,40,SW,
154,9828,2014-09-19_BISC-P14a,BISC-P14a,2014-09-19,LA,10,25,1425,86,Patch,,20,2,40,SW,
154,9829,2014-09-19_BISC-P14a,BISC-P14a,2014-09-19,LA,8,25,1445,86,Patch,,20,2,40,NW,
155,9824,2014-09-19_BISC-W60-11c,BISC-W60-11c,2014-09-19,LA,54,40,1035,86,Continuous,,20,2,40,NE,
155,9825,2014-09-19_BISC-W60-11c,BISC-W60-11c,2014-09-19,LA,51,40,1047,86,Continuous,,20,2,40,SE,
156,9826,2014-09-19_BISC-W60-4b,BISC-W60-4b,2014-09-19,LA,52,45,1252,86,Continuous,,20,2,40,NW,
156,9827,2014-09-19_BISC-W60-4b,BISC-W60-4b,2014-09-19,LA,52,45,1309,86,Continuous,,20,2,40,SW,
157,9524,2014-09-22_Dixie Ledge,Dixie Ledge,2014-09-22,Steph,15.8,15,932,31.1,continuous,90,20,2,40,shallow #1,
157,9525,2014-09-22_Dixie Ledge,Dixie Ledge,2014-09-22,Steph,15.6,20,950,31,continuous,90,20,2,40,shallow #2,
157,9832,2014-09-22_Dixie Ledge,Dixie Ledge,2014-09-22,LA,57,40,932,86,Continuous,,20,2,40,NE,
157,9833,2014-09-22_Dixie Ledge,Dixie Ledge,2014-09-22,LA,56,40,1040,86,Continuous,,20,2,40,SE,
158,9840,2014-09-22_KL-P6,KL-P6,2014-09-22,LA,23,20,1512,84,Patch,,8,2,16,NW,
158,9841,2014-09-22_KL-P6,KL-P6,2014-09-22,LA,18,20,1522,86,Patch,,8,2,16,SW,
158,9532,2014-09-22_KL-P6,KL-P6,2014-09-22,Steph,6.8,10,1511,30.2,patch,100,8,2,16,offshore #1,
158,9533,2014-09-22_KL-P6,KL-P6,2014-09-22,Steph,5.8,10,1522,30.5,patch,100,8,2,16,offshore #2,
159,9838,2014-09-22_KL-P7,KL-P7,2014-09-22,LA,19,15,1420,84,Patch,,10,2,20,SW,
159,9839,2014-09-22_KL-P7,KL-P7,2014-09-22,LA,13,20,1431,84,Patch,,10,2,20,NW,
159,9530,2014-09-22_KL-P7,KL-P7,2014-09-22,Steph,6.1,10,1419,30.5,patch,100,10,2,20,offshore #1,
159,9531,2014-09-22_KL-P7,KL-P7,2014-09-22,Steph,4.1,12,1433,30.6,patch,100,10,2,20,offshore #2,
160,9836,2014-09-22_KL-P8,KL-P8,2014-09-22,LA,10,20,1321,86,Patch,,25,2,50,NW,
160,9837,2014-09-22_KL-P8,KL-P8,2014-09-22,LA,10,20,1339,84,Patch,,25,2,50,SW,
160,9528,2014-09-22_KL-P8,KL-P8,2014-09-22,Steph,8.5,15,1320,30.6,patch,100,25,2,50,offshore #1,
160,9529,2014-09-22_KL-P8,KL-P8,2014-09-22,Steph,3.5,12,1333,30.5,patch,100,25,2,50,offshore #2,
161,9834,2014-09-22_KL-W7,KL-W7,2014-09-22,LA,51,60,1137,86,Continuous,,20,2,40,NW,
161,9835,2014-09-22_KL-W7,KL-W7,2014-09-22,LA,51,60,1158,86,Continuous,,20,2,40,SW,
161,9526,2014-09-22_KL-W7,KL-W7,2014-09-22,Steph,17.4,25,1137,31.1,continuous,100,20,2,40,deep #1,
161,9527,2014-09-22_KL-W7,KL-W7,2014-09-22,Steph,17,25,1152,31,continuous,100,20,2,40,deep #2,
162,9846,2014-09-24_DANGER 88,DANGER 88,2014-09-24,LA,8,8,1335,84,Patch,,8,2,16,SW,
162,9847,2014-09-24_DANGER 88,DANGER 88,2014-09-24,LA,8,8,1342,84,Patch,,8,2,16,NW,
162,9538,2014-09-24_DANGER 88,DANGER 88,2014-09-24,Steph,2.6,5,1333,29,patch,70,7,2,14,off #1,
162,9539,2014-09-24_DANGER 88,DANGER 88,2014-09-24,Steph,2.6,5,,29,patch,70,7,2,14,off #2,
163,9540,2014-09-24_KL-30,KL-30,2014-09-24,Steph,3.9,4.5,1427,29.6,patch,40,30,2,60,offshore #1,
163,9541,2014-09-24_KL-30,KL-30,2014-09-24,Steph,3.2,4,1458,29.6,patch,40,30,2,60,offshore #2,
164,9542,2014-09-24_KL-P4,KL-P4,2014-09-24,Steph,5,4,1612,30.2,patch,30,10,2,20,Inshore #1,
164,9543,2014-09-24_KL-P4,KL-P4,2014-09-24,Steph,4.3,4,1623,29.8,patch,30,10,2,20,Inshore #2,
165,9842,2014-09-24_KL-W2,KL-W2,2014-09-24,LA,52,60,952,84,Continuous,,20,2,40,SW,
165,9843,2014-09-24_KL-W2,KL-W2,2014-09-24,LA,46,60,1003,84,Continuous,,20,2,40,NW,
165,9534,2014-09-24_KL-W2,KL-W2,2014-09-24,Steph,18.5,25,950,30.2,continuous,100,20,2,40,deep #1,
165,9535,2014-09-24_KL-W2,KL-W2,2014-09-24,Steph,19.4,25,1005,30.2,continuous,100,20,2,40,deep #2,
166,9844,2014-09-24_KL-W8,KL-W8,2014-09-24,LA,57,80,1155,86,Continuous,,20,2,40,NE,
166,9845,2014-09-24_KL-W8,KL-W8,2014-09-24,LA,60,80,1211,86,Continuous,,20,2,40,SE,
166,9536,2014-09-24_KL-W8,KL-W8,2014-09-24,Steph,15.8,25,1157,30.4,continuous,90,20,2,40,shallow #1,
166,9537,2014-09-24_KL-W8,KL-W8,2014-09-24,Steph,16.5,25,1216,30.4,continuous,,20,2,40,shallow #2,
168,9874,2014-09-25_KL-P11,KL-P11,2014-09-25,LA,10,10,1632,84,Patch,,15,2,30,SE,
168,9875,2014-09-25_KL-P11,KL-P11,2014-09-25,LA,10,8,1619,84,Patch,,15,2,30,NE,
168,9552,2014-09-25_KL-P11,KL-P11,2014-09-25,Steph,3.2,4,1615,29.5,patch,80,15,2,30,Inshore #1,
168,9553,2014-09-25_KL-P11,KL-P11,2014-09-25,Steph,2.8,4,1629,29.3,patch,80,15,2,30,In #2,
169,9876,2014-09-25_KL-P13,KL-P13,2014-09-25,LA,10,17,1517,84,Patch,,25,2,50,SE,
169,9877,2014-09-25_KL-P13,KL-P13,2014-09-25,LA,11,17,1500,84,Patch,,25,2,50,NE,
169,9550,2014-09-25_KL-P13,KL-P13,2014-09-25,Steph,3.5,5,1458,29.2,patch,80,25,2,50,Inshore #1,
169,9551,2014-09-25_KL-P13,KL-P13,2014-09-25,Steph,3.3,5,1517,29.3,patch,70,25,2,50,Inshore #2,
170,9878,2014-09-25_KL-P14,KL-P14,2014-09-25,LA,12,15,1358,84,Patch,,12,2,24,SE,
170,9879,2014-09-25_KL-P14,KL-P14,2014-09-25,LA,13,15,1348,84,Patch,,12,2,24,NE,
170,9548,2014-09-25_KL-P14,KL-P14,2014-09-25,Steph,4.5,5,1349,29.4,patch,100,15,2,30,Inshore #1,
170,9549,2014-09-25_KL-P14,KL-P14,2014-09-25,Steph,3.8,4,1400,29.3,patch,100,15,2,30,Inshore #2,
171,9880,2014-09-25_KL-W11,KL-W11,2014-09-25,LA,41,60,1212,84,Continuous,,20,2,40,SW,
171,9881,2014-09-25_KL-W11,KL-W11,2014-09-25,LA,40,60,1158,84,Continuous,,20,2,40,NW,
171,9546,2014-09-25_KL-W11,KL-W11,2014-09-25,Steph,13.4,20,1157,30.2,continuous,70,20,2,40,deep #1,
171,9547,2014-09-25_KL-W11,KL-W11,2014-09-25,Steph,13.9,20,1212,30.1,continuous,70,20,2,40,deep #2,
172,9870,2014-09-26_KL-W12,KL-W12,2014-09-26,LA,57,60,1148,86,Continuous,,20,2,40,SE,
172,9871,2014-09-26_KL-W12,KL-W12,2014-09-26,LA,54,60,1135,86,Continuous,,20,2,40,NE,
172,9556,2014-09-26_KL-W12,KL-W12,2014-09-26,Steph,16.4,20,1136,16.3,continuous,70,20,2,40,shallow #1,
172,9557,2014-09-26_KL-W12,KL-W12,2014-09-26,Steph,16.4,20,1147,30.1,continuous,,20,2,40,shallow #2,
173,9872,2014-09-26_KL-W13,KL-W13,2014-09-26,LA,48,40,1016,82,Continuous,,20,2,40,SW,
173,9873,2014-09-26_KL-W13,KL-W13,2014-09-26,LA,45,40,954,84,Continuous,,20,2,40,NW,
173,9554,2014-09-26_KL-W13,KL-W13,2014-09-26,Steph,15.6,25,955,30,continuous,90,20,2,40,deep #1,
173,9555,2014-09-26_KL-W13,KL-W13,2014-09-26,Steph,16.4,25,1022,30,continuous,90,20,2,40,deep #2,
174,9568,2014-09-28_FKSP1,FKSP1,2014-09-28,Steph,4.4,4,1636,30.9,patch,60,7,2,14,Inshore #1,
174,9569,2014-09-28_FKSP1,FKSP1,2014-09-28,Steph,4.4,4,,30.9,patch,60,7,2,14,Inshore #2,
175,9864,2014-09-28_Ten 2A,Ten 2A,2014-09-28,LA,30,60,1513,86,Continuous,,20,2,40,SE,
175,9865,2014-09-28_Ten 2A,Ten 2A,2014-09-28,LA,32,60,1450,84,Continuous,,20,2,40,NE,
175,9566,2014-09-28_Ten 2A,Ten 2A,2014-09-28,Steph,9.6,20,1449,30.5,continuous,60,20,2,40,W #1,
175,9567,2014-09-28_Ten 2A,Ten 2A,2014-09-28,Steph,9.4,20,1512,30.5,continuous,60,20,2,40,W #2,
176,9866,2014-09-28_Ten 3A,Ten 3A,2014-09-28,LA,32,50,1316,86,Continuous,,20,2,40,SE,
176,9867,2014-09-28_Ten 3A,Ten 3A,2014-09-28,LA,31,60,1257,86,Continuous,,20,2,40,NE,
176,9564,2014-09-28_Ten 3A,Ten 3A,2014-09-28,Steph,10,20,1300,30.5,continuous,40,20,2,40,West #1,
176,9565,2014-09-28_Ten 3A,Ten 3A,2014-09-28,Steph,9.2,20,1316,30.5,continuous,40,20,2,40,W #2,
177,9868,2014-09-28_Ten 5A,Ten 5A,2014-09-28,LA,30,60,1119,86,Continuous,,20,2,40,SE,
177,9869,2014-09-28_Ten 5A,Ten 5A,2014-09-28,LA,30,60,1103,86,Continuous,,20,2,40,NE,
177,9562,2014-09-28_Ten 5A,Ten 5A,2014-09-28,Steph,8.3,20,1102,31.1,continuous,60,20,2,40,West #1,
177,9563,2014-09-28_Ten 5A,Ten 5A,2014-09-28,Steph,9.9,20,1121,30.6,continuous,60,20,2,40,West #2,
178,9518,2014-09-29_Conch 3A,Conch 3A,2014-09-29,Steph,15.2,25,1009,30.8,continuous,30,20,2,40,SW #1,
178,9519,2014-09-29_Conch 3A,Conch 3A,2014-09-29,Steph,13.3,25,1031,30.7,continuous,30,20,2,40,SW #2,
178,9862,2014-09-29_Conch 3A,Conch 3A,2014-09-29,LA,45,80,1029,86,Continuous,,20,2,40,SW,
178,9863,2014-09-29_Conch 3A,Conch 3A,2014-09-29,LA,47,80,1008,86,Continuous,,20,2,40,NW,
179,9520,2014-09-29_Conch 4B,Conch 4B,2014-09-29,Steph,13.8,25,1203,30.7,continuous,30,20,2,40,E #1,
179,9521,2014-09-29_Conch 4B,Conch 4B,2014-09-29,Steph,13.3,25,1222,30.6,continuous,30,20,2,40,E #2,
179,9860,2014-09-29_Conch 4B,Conch 4B,2014-09-29,LA,42,80,1216,86,Continuous,,20,2,40,NW,
179,9861,2014-09-29_Conch 4B,Conch 4B,2014-09-29,LA,43,80,1204,86,Continuous,,20,2,40,SE,
180,9522,2014-09-29_Conch 6A,Conch 6A,2014-09-29,Steph,13.5,25,1347,30.9,continuous,30,20,2,40,E #1,
180,9523,2014-09-29_Conch 6A,Conch 6A,2014-09-29,Steph,13.3,25,1406,30.7,continuous,30,20,2,40,E #2,
180,9858,2014-09-29_Conch 6A,Conch 6A,2014-09-29,LA,45,60,1405,86,Continuous,,20,2,40,NE,
180,9859,2014-09-29_Conch 6A,Conch 6A,2014-09-29,LA,43,60,1348,86,Continuous,,20,2,40,SE,
182,9856,2014-09-29_KL-P2,KL-P2,2014-09-29,LA,16,12,1532,86,Patch,,8,2,16,NE,
182,9857,2014-09-29_KL-P2,KL-P2,2014-09-29,LA,15,12,1523,86,Patch,,8,2,16,SE,
182,9558,2014-09-29_KL-P2,KL-P2,2014-09-29,Steph,5.4,5,1523,31.4,patch,30,8,2,16,offshore W#1,
182,9559,2014-09-29_KL-P2,KL-P2,2014-09-29,Steph,5.2,5,1529,30.6,patch,30,8,2,16,off E#2,
185,9914,2015-03-16_BISC-P12a,BISC-P12a,2015-03-16,LA,16,20,1540,77,Patch,,12,2,24,SE,
185,9915,2015-03-16_BISC-P12a,BISC-P12a,2015-03-16,LA,10,20,1605,77,Patch,,12,2,24,NE,
185,9578,2015-03-16_BISC-P12a,BISC-P12a,2015-03-16,Steph,4.2,6,1540,27.2,patch,30,12,2,24,Inshore #1,
185,9579,2015-03-16_BISC-P12a,BISC-P12a,2015-03-16,Steph,2.9,6,1550,27.3,patch,30,12,2,24,Inshore #2,
186,9912,2015-03-16_BISC-P13a,BISC-P13a,2015-03-16,LA,21,30,1421,77,Patch,,25,2,50,SE,
186,9913,2015-03-16_BISC-P13a,BISC-P13a,2015-03-16,LA,8,30,1437,77,Patch,,25,2,50,NE,
186,9576,2015-03-16_BISC-P13a,BISC-P13a,2015-03-16,Steph,4.5,12,1421,26.3,patch,30,25,2,50,Inshore #1,
186,9577,2015-03-16_BISC-P13a,BISC-P13a,2015-03-16,Steph,5,15,1439,26.4,patch,30,25,2,50,Inshore #2,
187,9900,2015-03-16_BISC-W13,BISC-W13,2015-03-16,LA,56,40,1032,75,Continuous,,20,2,40,NE,
187,9901,2015-03-16_BISC-W13,BISC-W13,2015-03-16,LA,57,40,1050,75,Continuous,,20,2,40,SE,
187,9572,2015-03-16_BISC-W13,BISC-W13,2015-03-16,Steph,16.4,20,1033,25.1,continuous,30,20,2,40,shallow #1,
187,9573,2015-03-16_BISC-W13,BISC-W13,2015-03-16,Steph,16.1,20,1047,25.1,continuous,30,20,2,40,Shallow #2,
188,9910,2015-03-16_BISC-W60-4b,BISC-W60-4b,2015-03-16,LA,50,45,1240,75,Continuous,,20,2,40,NW,
188,9911,2015-03-16_BISC-W60-4b,BISC-W60-4b,2015-03-16,LA,51,45,1255,75,Continuous,,20,2,40,SW,
188,9574,2015-03-16_BISC-W60-4b,BISC-W60-4b,2015-03-16,Steph,16,15,1241,25,continuous,5,20,2,40,deep #1,
188,9575,2015-03-16_BISC-W60-4b,BISC-W60-4b,2015-03-16,Steph,16.3,15,1254,25.3,continuous,5,20,2,40,deep #2,
189,9918,2015-03-17_KL-W2,KL-W2,2015-03-17,LA,50,60,1604,75,Continuous,,20,2,40,NE,
189,9919,2015-03-17_KL-W2,KL-W2,2015-03-17,LA,51,60,1621,75,Continuous,,20,2,40,SE,
189,9614,2015-03-17_KL-W2,KL-W2,2015-03-17,Steph,12.9,30,1609,25.4,continuous,30,20,2,40,Shallow N #1,
189,9615,2015-03-17_KL-W2,KL-W2,2015-03-17,Steph,13.5,25,1626,25.2,continuous,30,20,2,40,Shallow S #2,
190,9916,2015-03-17_KL-W7,KL-W7,2015-03-17,LA,51,60,1404,75,Continuous,,20,2,40,NW,
190,9917,2015-03-17_KL-W7,KL-W7,2015-03-17,LA,53,60,1520,75,Continuous,,20,2,40,SW,
190,9612,2015-03-17_KL-W7,KL-W7,2015-03-17,Steph,16.8,30,1402,25.8,continuous,20,20,2,40,Deep #1,Deep North
190,9613,2015-03-17_KL-W7,KL-W7,2015-03-17,Steph,16.8,30,1425,25.1,continuous,20,20,2,40,Shallow N #2,
191,9926,2015-03-18_BISC-P14a,BISC-P14a,2015-03-18,LA,12,25,1525,77,Patch,,20,2,40,SW,
191,9927,2015-03-18_BISC-P14a,BISC-P14a,2015-03-18,LA,8,25,1535,77,Patch,,20,2,40,NW,
191,9586,2015-03-18_BISC-P14a,BISC-P14a,2015-03-18,Steph,3.7,15,1524,27.7,patch,30,20,2,40,Offshore #1,
191,9587,2015-03-18_BISC-P14a,BISC-P14a,2015-03-18,Steph,3.3,15,1535,26.7,patch,30,20,2,40,Offshore #2,
192,9924,2015-03-18_BISC-P15a,BISC-P15a,2015-03-18,LA,18,30,1330,77,Patch,,30,2,60,SE,
192,9925,2015-03-18_BISC-P15a,BISC-P15a,2015-03-18,LA,12,30,1350,77,Patch,,30,2,60,NE,
192,9584,2015-03-18_BISC-P15a,BISC-P15a,2015-03-18,Steph,4.8,20,1331,26.2,patch,0,30,2,60,Inshore #1,
192,9585,2015-03-18_BISC-P15a,BISC-P15a,2015-03-18,Steph,1.9,15,1343,26.4,patch,0,30,2,60,Inshore #2,
193,9920,2015-03-18_BISC-W12,BISC-W12,2015-03-18,LA,65,80,948,75,Continuous,,20,2,40,NE,
193,9921,2015-03-18_BISC-W12,BISC-W12,2015-03-18,LA,63,80,1001,75,Continuous,,20,2,40,SE,
193,9580,2015-03-18_BISC-W12,BISC-W12,2015-03-18,Steph,17.9,30,947,25.2,continuous,25,20,2,40,Shallow N #1,
193,9581,2015-03-18_BISC-W12,BISC-W12,2015-03-18,Steph,17.2,30,1005,25.1,continuous,25,20,2,40,Shallow S #2,
194,9922,2015-03-18_BISC-W60-11c,BISC-W60-11c,2015-03-18,LA,53,80,1157,75,Continuous,,20,2,40,NW,
194,9923,2015-03-18_BISC-W60-11c,BISC-W60-11c,2015-03-18,LA,50,80,1210,75,Continuous,,20,2,40,SW,
194,9582,2015-03-18_BISC-W60-11c,BISC-W60-11c,2015-03-18,Steph,17.4,30,1156,25.3,continuous,20,20,2,40,Shallow N #1,
194,9583,2015-03-18_BISC-W60-11c,BISC-W60-11c,2015-03-18,Steph,16.1,30,1211,25.1,continuous,20,20,2,40,Shallow N #2,
195,9934,2015-03-19_BISC-P10a,BISC-P10a,2015-03-19,LA,27,35,1430,77,Patch,,20,2,40,SE,
195,9935,2015-03-19_BISC-P10a,BISC-P10a,2015-03-19,LA,16,35,1445,77,Patch,,20,2,40,NE,
195,9594,2015-03-19_BISC-P10a,BISC-P10a,2015-03-19,Steph,7.9,20,1429,26.5,patch,60,20,2,40,Inshore #1,
195,9595,2015-03-19_BISC-P10a,BISC-P10a,2015-03-19,Steph,7.7,20,1445,26,patch,60,20,2,40,Inshore #2,
196,9932,2015-03-19_BISC-P11a,BISC-P11a,2015-03-19,LA,16,20,1321,77,Patch,,15,2,30,SE,
196,9933,2015-03-19_BISC-P11a,BISC-P11a,2015-03-19,LA,7,20,1336,77,Patch,,15,2,30,NE,
196,9592,2015-03-19_BISC-P11a,BISC-P11a,2015-03-19,Steph,4.7,12,1321,26.7,patch,40,15,2,30,Inshore #1,
196,9593,2015-03-19_BISC-P11a,BISC-P11a,2015-03-19,Steph,5.3,10,1340,26.7,patch,40,15,2,30,Inshore #2,
197,9930,2015-03-19_BISC-W30a,BISC-W30a,2015-03-19,LA,28,50,1157,75,Continuous,,20,2,40,NW,
197,9931,2015-03-19_BISC-W30a,BISC-W30a,2015-03-19,LA,27,45,1210,75,Continuous,,20,2,40,SW,
197,9590,2015-03-19_BISC-W30a,BISC-W30a,2015-03-19,Steph,9.1,15,1157,25.6,continuous,80,20,2,40,Offshore N #1,
197,9591,2015-03-19_BISC-W30a,BISC-W30a,2015-03-19,Steph,8.6,15,1212,25.6,continuous,80,20,2,40,Offshore S #2,
198,9928,2015-03-19_BISC-W40-b,BISC-W40-b,2015-03-19,LA,56,40,1016,75,Continuous,,20,2,40,NE,
198,9929,2015-03-19_BISC-W40-b,BISC-W40-b,2015-03-19,LA,54,40,1031,75,Continuous,,20,2,40,SE,
198,9588,2015-03-19_BISC-W40-b,BISC-W40-b,2015-03-19,Steph,14.7,15,1018,25.4,continuous,0,20,2,40,Shallow N #1,
198,9589,2015-03-19_BISC-W40-b,BISC-W40-b,2015-03-19,Steph,14.3,15,1034,25.2,continuous,0,20,2,40,Shallow S #2,
199,9940,2015-03-20_BISC-P7a,BISC-P7a,2015-03-20,LA,10,20,1355,77,Patch,,20,2,40,NW,
199,9941,2015-03-20_BISC-P7a,BISC-P7a,2015-03-20,LA,8,20,1409,77,Patch,,20,2,40,SW,
199,9600,2015-03-20_BISC-P7a,BISC-P7a,2015-03-20,Steph,3,10,1354,26.7,patch,30,20,2,40,Offshore #1,
199,9601,2015-03-20_BISC-P7a,BISC-P7a,2015-03-20,Steph,2,10,1410,26.8,patch,30,20,2,40,Offshore #2,
200,9942,2015-03-20_BISC-P9a,BISC-P9a,2015-03-20,LA,23,30,1505,77,Patch,,20,2,40,SW,
200,9943,2015-03-20_BISC-P9a,BISC-P9a,2015-03-20,LA,7,30,1520,77,Patch,,20,2,40,NW,
200,9602,2015-03-20_BISC-P9a,BISC-P9a,2015-03-20,Steph,7.3,20,1503,26.7,patch,20,20,2,40,Offshore #1,
200,9603,2015-03-20_BISC-P9a,BISC-P9a,2015-03-20,Steph,3.1,20,1524,26.6,patch,20,20,2,40,Offshore #2,
201,9938,2015-03-20_BISC-W60-2b,BISC-W60-2b,2015-03-20,LA,54,45,1220,75,Continuous,,20,2,40,NE,
201,9939,2015-03-20_BISC-W60-2b,BISC-W60-2b,2015-03-20,LA,58,45,1231,75,Continuous,,20,2,40,SE,
201,9598,2015-03-20_BISC-W60-2b,BISC-W60-2b,2015-03-20,Steph,13.8,20,1222,25.6,continuous,30,20,2,40,Shallow N #1,
201,9599,2015-03-20_BISC-W60-2b,BISC-W60-2b,2015-03-20,Steph,14.6,20,1238,25.6,continuous,30,20,2,40,Shallow S #2,
202,9936,2015-03-20_BISC-W60-6d,BISC-W60-6d,2015-03-20,LA,56,70,1015,75,Continuous,,20,2,40,NE,
202,9937,2015-03-20_BISC-W60-6d,BISC-W60-6d,2015-03-20,LA,56,70,1030,75,Continuous,,20,2,40,SE,
202,9596,2015-03-20_BISC-W60-6d,BISC-W60-6d,2015-03-20,Steph,16.2,15,1017,25.3,continuous,30,20,2,40,Shallow N #1,
202,9597,2015-03-20_BISC-W60-6d,BISC-W60-6d,2015-03-20,Steph,15.5,15,1032,25.4,continuous,30,20,2,40,Shallow #2 (S),
203,9950,2015-03-22_FKSP1,FKSP1,2015-03-22,LA,9,20,1715,82,Patch,,10,2,20,NW,
203,9951,2015-03-22_FKSP1,FKSP1,2015-03-22,LA,9,20,1727,82,Patch,,10,2,20,NE,
203,9654,2015-03-22_FKSP1,FKSP1,2015-03-22,Steph,3.5,8,1715,28.9,patch,70,8,2,16,SW #1,
203,9655,2015-03-22_FKSP1,FKSP1,2015-03-22,Steph,3,8,,28.8,patch,70,8,2,16,SW #2,
204,9944,2015-03-22_Ten 2A,Ten 2A,2015-03-22,LA,32,100,1106,77,Continuous,,20,2,40,NW,
204,9945,2015-03-22_Ten 2A,Ten 2A,2015-03-22,LA,32,100,1122,77,Continuous,,20,2,40,SW,
204,9648,2015-03-22_Ten 2A,Ten 2A,2015-03-22,Steph,9.2,30,1106,25.9,continuous,30,20,2,40,Non-pin #1,
204,9649,2015-03-22_Ten 2A,Ten 2A,2015-03-22,Steph,9.5,30,1124,26,continuous,30,20,2,40,Non-pin #2,
205,9946,2015-03-22_Ten 3A,Ten 3A,2015-03-22,LA,33,70,1313,75,Continuous,,20,2,40,NW,
205,9947,2015-03-22_Ten 3A,Ten 3A,2015-03-22,LA,30,70,1327,75,Continuous,,20,2,40,SW,
205,9650,2015-03-22_Ten 3A,Ten 3A,2015-03-22,Steph,8.7,30,1313,24.8,continuous,30,20,2,40,Non-pin #1,
205,9651,2015-03-22_Ten 3A,Ten 3A,2015-03-22,Steph,4,30,1333,24.8,continuous,30,20,2,40,Non-pin #2,
206,9948,2015-03-22_Ten 5A,Ten 5A,2015-03-22,LA,26,60,1540,77,Continuous,,20,2,40,NW,
206,9949,2015-03-22_Ten 5A,Ten 5A,2015-03-22,LA,27,65,1554,77,Continuous,,20,2,40,SW,
206,9652,2015-03-22_Ten 5A,Ten 5A,2015-03-22,Steph,7.8,20,1537,26.4,continuous,30,20,2,40,Non-pin #1,
206,9653,2015-03-22_Ten 5A,Ten 5A,2015-03-22,Steph,8.3,20,1557,26.5,continuous,30,20,2,40,Non-pin #2,
207,9956,2015-03-23_Conch 3A,Conch 3A,2015-03-23,LA,47,80,1350,73,Continuous,,20,2,40,SE,
207,9957,2015-03-23_Conch 3A,Conch 3A,2015-03-23,LA,44,80,1410,73,Continuous,,20,2,40,SW,
207,9608,2015-03-23_Conch 3A,Conch 3A,2015-03-23,Steph,14.3,30,1349,24.3,continuous,20,20,2,40,T2 #2,
207,9609,2015-03-23_Conch 3A,Conch 3A,2015-03-23,Steph,13.2,30,1402,24.4,continuous,20,20,2,40,T2 #1,
208,9954,2015-03-23_Conch 4B,Conch 4B,2015-03-23,LA,44,80,1155,73,Continuous,,20,2,40,SE,
208,9955,2015-03-23_Conch 4B,Conch 4B,2015-03-23,LA,44,80,1207,75,Continuous,,20,2,40,NE,
208,9606,2015-03-23_Conch 4B,Conch 4B,2015-03-23,Steph,12.9,30,1155,25.1,continuous,20,20,2,40,T2 #1,
208,9607,2015-03-23_Conch 4B,Conch 4B,2015-03-23,Steph,12.9,30,1211,24.5,continuous,20,20,2,40,T2 #2,
209,9952,2015-03-23_Conch 6A,Conch 6A,2015-03-23,LA,43,100,1002,73,Continuous,,20,2,40,SE,
209,9953,2015-03-23_Conch 6A,Conch 6A,2015-03-23,LA,44,100,1020,75,Continuous,,20,2,40,NE,
209,9604,2015-03-23_Conch 6A,Conch 6A,2015-03-23,Steph,13.5,30,1000,24.8,continuous,80,20,2,40,Non-pin #1 T2,
209,9605,2015-03-23_Conch 6A,Conch 6A,2015-03-23,Steph,13.1,30,1017,24.7,continuous,80,20,2,40,Non-pin #2 T2,
210,9958,2015-03-23_KL-P2,KL-P2,2015-03-23,LA,17,20,1554,77,Patch,,8,2,16,SE,
210,9959,2015-03-23_KL-P2,KL-P2,2015-03-23,SG,14,24,1610,77,Patch,,8,2,16,NE,
210,9610,2015-03-23_KL-P2,KL-P2,2015-03-23,Steph,4.8,8,1539,28.3,patch,30,8,2,16,Inshore N,
210,9611,2015-03-23_KL-P2,KL-P2,2015-03-23,Steph,4.1,8,1557,28.3,patch,,8,2,16,Inshore S #2,
211,9970,2015-03-24_DANGER 88,DANGER 88,2015-03-24,LA,6,30,1730,79,Patch,,8,2,16,SE,
211,9971,2015-03-24_DANGER 88,DANGER 88,2015-03-24,LA,6,30,1740,79,Patch,,8,2,16,NE,
211,9624,2015-03-24_DANGER 88,DANGER 88,2015-03-24,Steph,2.1,30,,28.2,patch,30,8,2,16,Inshore S,
211,9625,2015-03-24_DANGER 88,DANGER 88,2015-03-24,Steph,1.9,20,1739,28.1,patch,30,8,2,16,Inshore N #2,
212,9968,2015-03-24_KL-P11,KL-P11,2015-03-24,LA,13,15,1620,81,Patch,,15,2,30,SW,
212,9626,2015-03-24_KL-P11,KL-P11,2015-03-24,Steph,3.9,6,1618,28.6,patch,40,15,2,30,Offshore N #1,
212,9627,2015-03-24_KL-P11,KL-P11,2015-03-24,Steph,3,6,1634,28.5,patch,40,15,2,30,Offshore S,
213,9966,2015-03-24_KL-P13,KL-P13,2015-03-24,LA,14,15,1502,81,Patch,,20,2,40,SE,
213,9967,2015-03-24_KL-P13,KL-P13,2015-03-24,LA,12,15,1521,81,Patch,,20,2,40,NE,
213,9622,2015-03-24_KL-P13,KL-P13,2015-03-24,Steph,3.8,6,1502,28.3,patch,30,20,2,40,Inshore N #1,
213,9623,2015-03-24_KL-P13,KL-P13,2015-03-24,Steph,3.2,6,1523,28.3,patch,30,20,2,40,Inshore S #2,
214,9964,2015-03-24_KL-P14,KL-P14,2015-03-24,LA,17,23,1350,81,Patch,,12,2,24,SE,
214,9965,2015-03-24_KL-P14,KL-P14,2015-03-24,LA,14,20,1409,81,Patch,,12,2,24,NE,
214,9620,2015-03-24_KL-P14,KL-P14,2015-03-24,Steph,5,10,1348,28.5,patch,30,12,2,24,Inshore S #1,
214,9621,2015-03-24_KL-P14,KL-P14,2015-03-24,Steph,4.1,10,1402,28.2,patch,30,12,2,24,Inshore N #2,
215,9960,2015-03-24_KL-W12,KL-W12,2015-03-24,LA,54,40,1000,75,Continuous,,20,2,40,NE,
215,9961,2015-03-24_KL-W12,KL-W12,2015-03-24,LA,58,40,1016,75,Continuous,,20,2,40,SE,
215,9616,2015-03-24_KL-W12,KL-W12,2015-03-24,Steph,16.1,15,1026,24.5,continuous,,20,2,40,Shallow S #2,
215,9617,2015-03-24_KL-W12,KL-W12,2015-03-24,Steph,15.9,15,1000,24.6,continuous,80,20,2,40,Shallow N #1,
216,9962,2015-03-24_KL-W13,KL-W13,2015-03-24,LA,52,60,1210,75,Continuous,,20,2,40,NW,
216,9963,2015-03-24_KL-W13,KL-W13,2015-03-24,LA,52,50,1223,75,Continuous,,20,2,40,SW,
216,9618,2015-03-24_KL-W13,KL-W13,2015-03-24,Steph,15.1,20,,25,continuous,70,20,2,40,Deep N #1,
216,9619,2015-03-24_KL-W13,KL-W13,2015-03-24,Steph,16.1,20,1222,25,continuous,70,20,2,40,Deep S #2,
217,9976,2015-03-25_KL-P5,KL-P5,2015-03-25,EU,24,30,1307,77,Patch,,20,2,40,SW,
217,9977,2015-03-25_KL-P5,KL-P5,2015-03-25,EU,20,30,1331,77,Patch,,20,2,40,NW,
217,9632,2015-03-25_KL-P5,KL-P5,2015-03-25,Steph,7.6,30,1309,26.9,patch,30,20,2,40,Offshore S #1,
217,9633,2015-03-25_KL-P5,KL-P5,2015-03-25,Steph,6.9,30,1337,26.5,patch,30,20,2,40,Offshore N #2,
218,9978,2015-03-25_KL-P6,KL-P6,2015-03-25,EU,23,30,1427,77,Patch,,8,2,16,SE,
218,9979,2015-03-25_KL-P6,KL-P6,2015-03-25,EU,20,30,1441,77,Patch,,8,2,16,NE,
218,9634,2015-03-25_KL-P6,KL-P6,2015-03-25,Steph,7.3,30,1422,27.3,patch,35,8,2,16,Inshore S #1,
218,9635,2015-03-25_KL-P6,KL-P6,2015-03-25,Steph,7.3,30,1444,26.6,patch,35,8,2,16,Inshore N #2,
219,9980,2015-03-25_KL-P7,KL-P7,2015-03-25,EU,21,30,1520,77,Patch,,15,2,30,SW,
219,9981,2015-03-25_KL-P7,KL-P7,2015-03-25,EU,15,30,1534,77,Patch,,15,2,30,NW,
219,9636,2015-03-25_KL-P7,KL-P7,2015-03-25,Steph,,20,1520,,patch,,15,2,30,Offshore S,
219,9637,2015-03-25_KL-P7,KL-P7,2015-03-25,Steph,,20,1534,,patch,40,15,2,30,Offshore N #2,
220,9974,2015-03-25_KL-W11,KL-W11,2015-03-25,EU,45,70,1123,77,Continuous,,20,2,40,NE,
220,9975,2015-03-25_KL-W11,KL-W11,2015-03-25,EU,45,70,1144,78,Continuous,,20,2,40,SE,
220,9630,2015-03-25_KL-W11,KL-W11,2015-03-25,Steph,11.9,30,1125,26.3,continuous,20,20,2,40,Shallow N #1,
220,9631,2015-03-25_KL-W11,KL-W11,2015-03-25,Steph,12.3,30,1141,26.1,continuous,20,20,2,40,Shallow S #2,
221,9972,2015-03-25_KL-W8,KL-W8,2015-03-25,EU,50,80,927,77,Continuous,,20,2,40,NW,
221,9973,2015-03-25_KL-W8,KL-W8,2015-03-25,EU,55,80,940,77,Continuous,,20,2,40,SW,
221,9628,2015-03-25_KL-W8,KL-W8,2015-03-25,Steph,17.5,30,925,26.3,continuous,30,20,2,40,Deep N #1,
221,9629,2015-03-25_KL-W8,KL-W8,2015-03-25,Steph,18.1,30,940,26,continuous,30,20,2,40,Deep S #2,
222,9982,2015-03-26_Benwood Ledge,Benwood Ledge,2015-03-26,EU,48,50,934,77,Continuous,,20,2,40,NW,
222,9983,2015-03-26_Benwood Ledge,Benwood Ledge,2015-03-26,EU,43,50,954,77,Continuous,,20,2,40,SW,
222,9638,2015-03-26_Benwood Ledge,Benwood Ledge,2015-03-26,Steph,18.3,20,934,25,continuous,10,20,2,40,Deep S #2,
222,9639,2015-03-26_Benwood Ledge,Benwood Ledge,2015-03-26,Steph,18.6,20,954,25,continuous,10,20,2,40,Deep N #1,
223,9908,2015-03-26_Dixie Ledge,Dixie Ledge,2015-03-26,EU,54,50,1207,75,Continuous,,20,2,40,SE,
223,9909,2015-03-26_Dixie Ledge,Dixie Ledge,2015-03-26,EU,57,50,1146,75,Continuous,,20,2,40,NE,
223,9640,2015-03-26_Dixie Ledge,Dixie Ledge,2015-03-26,Steph,16.3,12,,23.9,continuous,10,20,2,40,Shallow N #1,
223,9641,2015-03-26_Dixie Ledge,Dixie Ledge,2015-03-26,Steph,16.3,12,,25,continuous,10,20,2,40,Shallow S #2,
224,9904,2015-03-26_KL-30,KL-30,2015-03-26,EU,12,10,1553,80,Patch,,30,2,60,SE,
224,9905,2015-03-26_KL-30,KL-30,2015-03-26,EU,15,10,1516,80,Patch,,30,2,60,NE,
224,9904,2015-03-26_KL-30,KL-30,2015-03-26,EU,12,10,1553,80,Patch,,30,2,60,SE,
224,9905,2015-03-26_KL-30,KL-30,2015-03-26,EU,15,10,1516,80,Patch,,30,2,60,NE,
224,9644,2015-03-26_KL-30,KL-30,2015-03-26,Steph,4.7,10,,26.1,patch,30,30,2,60,Inshore N #1,
224,9645,2015-03-26_KL-30,KL-30,2015-03-26,Steph,3.3,10,,26.1,patch,30,30,2,60,Inshore S #2,
225,9902,2015-03-26_KL-P4,KL-P4,2015-03-26,EU,15,15,1711,78,Patch,,12,2,24,NE,
225,9903,2015-03-26_KL-P4,KL-P4,2015-03-26,EU,15,15,1656,78,Patch,,12,2,24,SE,
225,9902,2015-03-26_KL-P4,KL-P4,2015-03-26,EU,15,15,1711,78,Patch,,12,2,24,NE,
225,9903,2015-03-26_KL-P4,KL-P4,2015-03-26,EU,15,15,1656,78,Patch,,12,2,24,SE,
225,9646,2015-03-26_KL-P4,KL-P4,2015-03-26,Steph,5.3,6,,26.1,patch,30,12,2,24,Inshore S #1,
225,9647,2015-03-26_KL-P4,KL-P4,2015-03-26,Steph,5,5,,26.1,patch,30,12,2,24,Inshore N #2,
226,9906,2015-03-26_KL-P8,KL-P8,2015-03-26,EU,12,15,1414,78,Patch,,30,2,60,NE,
226,9907,2015-03-26_KL-P8,KL-P8,2015-03-26,EU,15,15,1340,78,Patch,,30,2,60,SE,
226,9642,2015-03-26_KL-P8,KL-P8,2015-03-26,Steph,4,10,1340,26.1,patch,20,20,2,40,Inshore N,
226,9643,2015-03-26_KL-P8,KL-P8,2015-03-26,Steph,4,10,1414,26.1,patch,20,20,2,40,Inshore S #2,
227,10000,2015-10-22_Benwood Ledge,Benwood Ledge,2015-10-22,LA,55,24,945,81,Continuous,NA,20,2,40,NE,
227,10001,2015-10-22_Benwood Ledge,Benwood Ledge,2015-10-22,LA,54,24,1000,81,Continuous,NA,20,2,40,SE,
227,11,2015-10-22_Benwood Ledge,Benwood Ledge,2015-10-22,Steph,50,15,844,81f,continuous,60,20,2,40,Shallow #1,
227,12,2015-10-22_Benwood Ledge,Benwood Ledge,2015-10-22,Steph,45,15,901,80f,continuous,60,20,2,40,Shallow #2,
228,10002,2015-10-22_KL-W2,KL-W2,2015-10-22,LA,44,12,1133,79,Continuous,NA,20,2,40,NW,
228,10003,2015-10-22_KL-W2,KL-W2,2015-10-22,LA,45,10,1145,79,Continuous,NA,20,2,40,SW,
228,13,2015-10-22_KL-W2,KL-W2,2015-10-22,Steph,55',5,1130,79f,continuous,25,20,2,40,Deep #2,
228,14,2015-10-22_KL-W2,KL-W2,2015-10-22,Steph,56',5,1145,79f,continuous,25,20,2,40,Deep #1,
229,10004,2015-10-23_Dixie Ledge,Dixie Ledge,2015-10-23,LA,53,25,945,81,Continuous,NA,20,2,40,NW,
229,10005,2015-10-23_Dixie Ledge,Dixie Ledge,2015-10-23,LA,51,25,956,81,Continuous,NA,20,2,40,SW,
229,15,2015-10-23_Dixie Ledge,Dixie Ledge,2015-10-23,Steph,60',15,941,80,continuous,80,20,2,40,Deep #1,
229,16,2015-10-23_Dixie Ledge,Dixie Ledge,2015-10-23,Steph,60',15,952,80,continuous,80,20,2,40,Deep #1,
230,10006,2015-10-23_KL-W7,KL-W7,2015-10-23,LA,54,30,1121,81,Continuous,NA,20,2,40,NE,
230,10007,2015-10-23_KL-W7,KL-W7,2015-10-23,LA,56,30,1141,81,Continuous,NA,20,2,40,SE,
230,17,2015-10-23_KL-W7,KL-W7,2015-10-23,Steph,52',12,1123,80f,continuous,80,20,2,40,Shallow #1,
230,18,2015-10-23_KL-W7,KL-W7,2015-10-23,Steph,52',12,1123,80f,continuous,80,20,2,40,,Assuming Shallow #2 for previous (none of this info was on the sheet)
231,10008,2015-10-23_KL-W8,KL-W8,2015-10-23,LA,60,40,1427,81,Continuous,NA,20,2,40,NE,
231,10009,2015-10-23_KL-W8,KL-W8,2015-10-23,LA,61,30,1438,81,Continuous,NA,20,2,40,SE,
231,10084,2015-10-23_KL-W8,KL-W8,2015-10-23,ES,56,30,1430,82,Continuous,NA,20,2,40,NW,
231,10085,2015-10-23_KL-W8,KL-W8,2015-10-23,ES,57,30,1500,82,Continuous,NA,20,2,40,SW,
231,1,2015-10-23_KL-W8,KL-W8,2015-10-23,Ellie,56,30',1430,82 f,continuous,70,20,2,40,Shallow South,
231,2,2015-10-23_KL-W8,KL-W8,2015-10-23,Ellie,57,30',1500,82 f,continuous,70,20,2,40,Shallow South,
232,10016,2015-10-24_BISC-W12,BISC-W12,2015-10-24,LA,66,35,1625,82,Continuous,NA,20,2,40,NE,
232,10017,2015-10-24_BISC-W12,BISC-W12,2015-10-24,LA,60,35,1639,82,Continuous,NA,20,2,40,SE,
233,10010,2015-10-24_KL-W11,KL-W11,2015-10-24,LA,42,40,954,81,Continuous,NA,20,2,40,NE,
233,10011,2015-10-24_KL-W11,KL-W11,2015-10-24,LA,44,40,1007,81,Continuous,NA,20,2,40,SE,
233,19,2015-10-24_KL-W11,KL-W11,2015-10-24,Steph,39',30',952,81f,continuous,70,20,2,40,Shallow #1,
233,20,2015-10-24_KL-W11,KL-W11,2015-10-24,Steph,40,30,1045,81f,continuous,70,20,2,40,Shallow #,
234,10012,2015-10-24_KL-W12,KL-W12,2015-10-24,LA,53,40,1128,81,Continuous,NA,20,2,40,NW,
234,10013,2015-10-24_KL-W12,KL-W12,2015-10-24,LA,52,40,1141,82,Continuous,NA,20,2,40,SW,
234,21,2015-10-24_KL-W12,KL-W12,2015-10-24,Steph,55,40,1125,81f,continuous,60,20,2,40,Deep #1,
234,22,2015-10-24_KL-W12,KL-W12,2015-10-24,Steph,56',40',1140,80f,continuous,60,20,2,40,Deep #2,
235,10014,2015-10-24_KL-W13,KL-W13,2015-10-24,LA,47,25,1450,81,Continuous,NA,20,2,40,NW,
235,10015,2015-10-24_KL-W13,KL-W13,2015-10-24,LA,50,25,1502,81,Continuous,NA,20,2,40,SW,
235,23,2015-10-24_KL-W13,KL-W13,2015-10-24,Steph,50',25',1446,80f,continuous,50,20,2,40,Deep #1 (N),
235,24,2015-10-24_KL-W13,KL-W13,2015-10-24,Steph,52,25,1500,80f,continuous,50,20,2,40,Deep #2 (S),
236,10020,2015-10-25_Conch 3A,Conch 3A,2015-10-25,LA,48,40,1620,81,Continuous,NA,20,2,40,SE,
236,10021,2015-10-25_Conch 3A,Conch 3A,2015-10-25,LA,45,40,1635,81,Continuous,NA,20,2,40,SW,
236,42,2015-10-25_Conch 3A,Conch 3A,2015-10-25,Steph,,40',1615,81f,continuous,60,20,2,40,Transect #2-1,
237,10018,2015-10-25_Conch 6A,Conch 6A,2015-10-25,LA,43,50,1456,81,Continuous,NA,20,2,40,SE,
237,10019,2015-10-25_Conch 6A,Conch 6A,2015-10-25,LA,44,40,1506,81,Continuous,NA,20,2,40,NE,
237,39,2015-10-25_Conch 6A,Conch 6A,2015-10-25,Steph,41,30,1408,80,continuous,60,20,2,40,Transect #2-2,Have 3x6A and 1x3A --> possible mistake?
237,40,2015-10-25_Conch 6A,Conch 6A,2015-10-25,Steph,42',30,1456,80,continuous,60,20,2,40,Transect #2-1,
237,41,2015-10-25_Conch 6A,Conch 6A,2015-10-25,Steph,42,40,1529,80,continuous,60,20,2,40,Transect #2-2,
238,10026,2015-10-26_BISC-W30a,BISC-W30a,2015-10-26,LA,29,25,1410,81,Continuous,NA,20,2,40,NE,
238,10027,2015-10-26_BISC-W30a,BISC-W30a,2015-10-26,LA,29,25,1421,81,Continuous,NA,20,2,40,SE,
240,10022,2015-10-26_BISC-W60-6d,BISC-W60-6d,2015-10-26,LA,62,35,1160,81,Continuous,NA,20,2,40,NE,
240,10023,2015-10-26_BISC-W60-6d,BISC-W60-6d,2015-10-26,LA,58,35,1113,81,Continuous,NA,20,2,40,SE,
242,10030,2015-10-27_BISC-W13,BISC-W13,2015-10-27,LA,55,38,1256,81,Continuous,NA,20,2,40,NW,
242,10031,2015-10-27_BISC-W13,BISC-W13,2015-10-27,LA,54,35,1312,81,Continuous,NA,20,2,40,SW,
242,47,2015-10-27_BISC-W13,BISC-W13,2015-10-27,Steph,62,50,1253,80f,continuous,30,20,2,40,Deep N,
242,48,2015-10-27_BISC-W13,BISC-W13,2015-10-27,Steph,57',40',1307,80f,continuous,30,20,2,40,Deep S,
243,49,2015-10-27_BISC-W60-11c,BISC-W60-11c,2015-10-27,Steph,50,40,1401,80f,continuous,40,20,2,40,Deep N,
243,50,2015-10-27_BISC-W60-11c,BISC-W60-11c,2015-10-27,Steph,54,40,1415,80f,continuous,40,20,2,40,Deep S,
244,10028,2015-10-27_BISC-W60-4b,BISC-W60-4b,2015-10-27,LA,56,35,1100,81,Continuous,NA,20,2,40,NE,
244,10029,2015-10-27_BISC-W60-4b,BISC-W60-4b,2015-10-27,LA,57,35,1114,81,Continuous,NA,20,2,40,SE,
244,45,2015-10-27_BISC-W60-4b,BISC-W60-4b,2015-10-27,Steph,53',40',1057,80f,continuous,60,20,2,40,Shallow N,
244,46,2015-10-27_BISC-W60-4b,BISC-W60-4b,2015-10-27,Steph,54',40',1111,80f,continuous,60,20,2,40,Shallow S,
245,10034,2015-10-28_Conch 4B,Conch 4B,2015-10-28,LA,46,40,1012,81,Continuous,NA,20,2,40,SE,
245,10035,2015-10-28_Conch 4B,Conch 4B,2015-10-28,LA,45,40,1022,81,Continuous,NA,20,2,40,NE,
245,43,2015-10-28_Conch 4B,Conch 4B,2015-10-28,Steph,46',40,1008,80,continuous,70,20,2,40,Transect #2-1,
245,44,2015-10-28_Conch 4B,Conch 4B,2015-10-28,Steph,44,40,1023,80,continuous,70,20,2,40,Transect #2-2,
246,10044,2015-10-30_DANGER 88,DANGER 88,2015-10-30,LA,8,8,1526,81,Patch,NA,7,2,14,SW,
246,10045,2015-10-30_DANGER 88,DANGER 88,2015-10-30,LA,6,7,1535,81,Patch,NA,7,2,14,NW,
246,33,2015-10-30_DANGER 88,DANGER 88,2015-10-30,Steph,17',10,1520,80f,patch,20,7,2,14,Offshore #1,
246,34,2015-10-30_DANGER 88,DANGER 88,2015-10-30,Steph,8,10,1526,80f,patch,20,7,2,14,Offshore #2,
247,10036,2015-10-30_KL-P2,KL-P2,2015-10-30,LA,18,10,943,81,Patch,NA,8,2,16,SW,
247,10037,2015-10-30_KL-P2,KL-P2,2015-10-30,LA,18,10,952,81,Patch,NA,8,2,16,NW,
247,25,2015-10-30_KL-P2,KL-P2,2015-10-30,Steph,17,12',940,80,patch,80,8,2,16,Offshore #1,
247,26,2015-10-30_KL-P2,KL-P2,2015-10-30,Steph,17,12',947,80,patch,80,8,2,16,Offshore #2,
248,10038,2015-10-30_KL-P4,KL-P4,2015-10-30,LA,18,10,1043,81,Patch,NA,12,2,24,SW,
248,10039,2015-10-30_KL-P4,KL-P4,2015-10-30,LA,18,10,1059,81,Patch,NA,12,2,24,NW,
248,27,2015-10-30_KL-P4,KL-P4,2015-10-30,Steph,18,12',1039,81,patch,30,12,2,24,Offshore #1,
248,28,2015-10-30_KL-P4,KL-P4,2015-10-30,Steph,16,12,1051,80,patch,30,12,2,24,Offshore #2,
249,10040,2015-10-30_KL-P5,KL-P5,2015-10-30,LA,26,10,1145,81,Patch,NA,20,2,40,SW,
249,10041,2015-10-30_KL-P5,KL-P5,2015-10-30,LA,22,8,1200,81,Patch,NA,20,2,40,NW,
249,29,2015-10-30_KL-P5,KL-P5,2015-10-30,Steph,27',12',1134,80,patch,20,20,2,40,Offshore #1,
249,30,2015-10-30_KL-P5,KL-P5,2015-10-30,Steph,27',15,NA,80,patch,20,20,2,40,Offshore #2,
250,10042,2015-10-30_KL-P6,KL-P6,2015-10-30,LA,24,12,1308,81,Patch,NA,8,2,16,SW,
250,10043,2015-10-30_KL-P6,KL-P6,2015-10-30,LA,21,12,1320,81,Patch,NA,8,2,16,NW,
250,31,2015-10-30_KL-P6,KL-P6,2015-10-30,Steph,24',12',1303,80f,patch,20,8,2,16,Offshore #1,
250,32,2015-10-30_KL-P6,KL-P6,2015-10-30,Steph,21,5,1313,80f,patch,20,8,2,16,Offshore #2,
251,10046,2015-10-31_KL-P7,KL-P7,2015-10-31,LA,24,12,1407,81,Patch,NA,15,2,30,SW,
251,10047,2015-10-31_KL-P7,KL-P7,2015-10-31,LA,16,12,1422,81,Patch,NA,15,2,30,NW,
251,35,2015-10-31_KL-P7,KL-P7,2015-10-31,Steph,23',10',1403,80f,patch,30,15,2,30,Offshore #1,
251,36,2015-10-31_KL-P7,KL-P7,2015-10-31,Steph,17',10',1412,80f,patch,30,15,2,30,Offshore #2,
252,10048,2015-10-31_KL-P8,KL-P8,2015-10-31,LA,14,10,1513,81,Patch,NA,20,2,40,SW,
252,10049,2015-10-31_KL-P8,KL-P8,2015-10-31,LA,12,10,1535,81,Patch,NA,20,2,40,NW,
252,37,2015-10-31_KL-P8,KL-P8,2015-10-31,Steph,11',14',1511,81f,patch,30,20,2,40,Offshore #1,
252,38,2015-10-31_KL-P8,KL-P8,2015-10-31,Steph,11',12',1525,80f,patch,30,20,2,40,Offshore #2,
253,10050,2015-10-31_KL-30,KL-30,2015-10-31,LA,15,10,1628,81,Patch,NA,20,2,40,SW,
253,10051,2015-10-31_KL-30,KL-30,2015-10-31,LA,10,12,1647,81,Patch,NA,20,2,40,NW,
264,10068,2015-12-11_FKSP1,FKSP1,2015-12-11,LA,14,20,1605,78,Patch,NA,10,2,20,SW,
264,10069,2015-12-11_FKSP1,FKSP1,2015-12-11,LA,14,20,1555,78,Patch,NA,10,2,20,SE,
264,9,2015-12-11_FKSP1,FKSP1,2015-12-11,Allison,14,<20,1351,76 f,patch,10,10,2,20,Transect A,
264,10,2015-12-11_FKSP1,FKSP1,2015-12-11,Allison,14,20,1600,76 f,patch,10,10,2,20,Transect A,
265,10066,2015-12-11_Ten 2A,Ten 2A,2015-12-11,LA,31,40,1435,78,Continuous,NA,20,2,40,SE,
265,10067,2015-12-11_Ten 2A,Ten 2A,2015-12-11,LA,31,40,1422,78,Continuous,NA,20,2,40,NE,
265,7,2015-12-11_Ten 2A,Ten 2A,2015-12-11,Allison,31,40,1417,78 f,continuous,20,20,2,40,,
265,8,2015-12-11_Ten 2A,Ten 2A,2015-12-11,Allison,31,30+,NA,79 f,continuous,20,20,2,40,Transect A,
266,10062,2015-12-11_Ten 3A,Ten 3A,2015-12-11,LA,31,40,1140,78,Continuous,NA,20,2,40,SW,
266,10063,2015-12-11_Ten 3A,Ten 3A,2015-12-11,LA,30,40,1127,78,Continuous,NA,20,2,40,NW,
266,3,2015-12-11_Ten 3A,Ten 3A,2015-12-11,Allison,33,30,1020,79 f,continuous,20,20,2,40,Transect A,
266,4,2015-12-11_Ten 3A,Ten 3A,2015-12-11,Allison,33,30,1046,79 f,continuous,20,20,2,40,Transect A,
267,10064,2015-12-11_Ten 5A,Ten 5A,2015-12-11,LA,29,40,1308,78,Continuous,NA,20,2,40,SE,
267,10065,2015-12-11_Ten 5A,Ten 5A,2015-12-11,LA,28,40,1253,78,Continuous,NA,20,2,40,NE,
267,5,2015-12-11_Ten 5A,Ten 5A,2015-12-11,Allison,35,30+,1046,79 f,continuous,20,20,2,40,Transect A,
267,6,2015-12-11_Ten 5A,Ten 5A,2015-12-11,Allison,35,30+,1107,79 f,continuous,20,20,2,40,Transect A,
268,10070,2015-12-15_BISC-P12a,BISC-P12a,2015-12-15,LA,19,12,945,77,Patch,NA,12,2,24,SE,
268,10071,2015-12-15_BISC-P12a,BISC-P12a,2015-12-15,LA,11,12,957,77,Patch,NA,12,2,24,NE,
268,10086,2015-12-15_BISC-P12a,BISC-P12a,2015-12-15,ES,20,10,936,78,Patch,NA,12,2,24,SW,
268,10087,2015-12-15_BISC-P12a,BISC-P12a,2015-12-15,ES,11,10,948,78,Patch,NA,12,2,24,NW,
269,10072,2015-12-15_BISC-P13a,BISC-P13a,2015-12-15,LA,20,20,1040,78,Patch,NA,20,2,40,SE,
269,10073,2015-12-15_BISC-P13a,BISC-P13a,2015-12-15,LA,10,20,1055,78,Patch,NA,20,2,40,NE,
269,10088,2015-12-15_BISC-P13a,BISC-P13a,2015-12-15,ES,17,20,1040,79,Patch,NA,20,2,40,SW,
269,10089,2015-12-15_BISC-P13a,BISC-P13a,2015-12-15,ES,12,20,1100,79,Patch,NA,20,2,40,NW,
270,10074,2015-12-15_BISC-P14a,BISC-P14a,2015-12-15,LA,14,15,1155,77,Patch,NA,20,2,40,SE,
270,10075,2015-12-15_BISC-P14a,BISC-P14a,2015-12-15,LA,10,15,1205,77,Patch,NA,20,2,40,NE,
270,10090,2015-12-15_BISC-P14a,BISC-P14a,2015-12-15,ES,13,15,1154,78,Patch,NA,15,2,30,SW,
270,10091,2015-12-15_BISC-P14a,BISC-P14a,2015-12-15,ES,12,15,1206,79,Patch,NA,15,2,30,NW,
271,10076,2015-12-15_BISC-P15a,BISC-P15a,2015-12-15,LA,18,15,1246,78,Patch,NA,20,2,40,SE,
271,10077,2015-12-15_BISC-P15a,BISC-P15a,2015-12-15,LA,15,15,1301,77,Patch,NA,20,2,40,NE,
271,10092,2015-12-15_BISC-P15a,BISC-P15a,2015-12-15,ES,17,15,1245,79,Patch,NA,20,2,40,SW,
271,10093,2015-12-15_BISC-P15a,BISC-P15a,2015-12-15,ES,15,15,1302,79,Patch,NA,20,2,40,NW,
272,10082,2015-12-15_KL-P11,KL-P11,2015-12-15,LA,14,9,1558,78,Patch,NA,15,2,30,SE,
272,10083,2015-12-15_KL-P11,KL-P11,2015-12-15,LA,12,9,1610,78,Patch,NA,15,2,30,NE,
272,10098,2015-12-15_KL-P11,KL-P11,2015-12-15,ES,11,8,1557,78,Patch,NA,15,2,30,SW,
272,10099,2015-12-15_KL-P11,KL-P11,2015-12-15,ES,12,8,1612,78,Patch,NA,15,2,30,NW,
273,10080,2015-12-15_KL-P13,KL-P13,2015-12-15,LA,12,12,1457,78,Patch,NA,20,2,40,SE,
273,10081,2015-12-15_KL-P13,KL-P13,2015-12-15,LA,11,12,1511,78,Patch,NA,20,2,40,NE,
273,10096,2015-12-15_KL-P13,KL-P13,2015-12-15,ES,12,10,1457,78,Patch,NA,15,2,30,SW,
273,10097,2015-12-15_KL-P13,KL-P13,2015-12-15,ES,12,10,1512,78,Patch,NA,15,2,30,NW,
274,10078,2015-12-15_KL-P14,KL-P14,2015-12-15,LA,17,10,1405,78,Patch,NA,12,2,24,SE,
274,10079,2015-12-15_KL-P14,KL-P14,2015-12-15,LA,14,10,1415,78,Patch,NA,12,2,24,NE,
274,10094,2015-12-15_KL-P14,KL-P14,2015-12-15,ES,15,8,1405,78,Patch,NA,8,2,16,SW,
274,10095,2015-12-15_KL-P14,KL-P14,2015-12-15,ES,14,8,1418,78,Patch,NA,8,2,16,NW,